0.000000000000000000e+00,0.000000000000000000e+00,0.000000000000000000e+00,0.000000000000000000e+00,0.000000000000000000e+00,0.000000000000000000e+00,0.000000000000000000e+00,0.000000000000000000e+00,0.000000000000000000e+00,0.000000000000000000e+00,0.000000000000000000e+00,0.000000000000000000e+00,0.000000000000000000e+00,0.000000000000000000e+00,0.000000000000000000e+00,0.000000000000000000e+00,0.000000000000000000e+00,0.000000000000000000e+00,0.000000000000000000e+00,0.000000000000000000e+00
1.542927324771881104e-01,-7.002226114273071289e-01,3.574112355709075928e-01,2.698320448398590088e-01,2.365620583295822144e-01,-3.245567083358764648e-01,-3.721153736114501953e-01,1.205249689519405365e-02,-1.813395917415618896e-01,2.067359834909439087e-01,-2.515679299831390381e-01,-7.493014633655548096e-02,2.152574956417083740e-01,-2.041341364383697510e-01,-2.491703331470489502e-01,8.352355659008026123e-02,-3.708616793155670166e-01,3.298633098602294922e-01,-1.452482044696807861e-01,-1.294870078563690186e-01
4.132166802883148193e-01,-1.702343225479125977e+00,1.167486429214477539e+00,8.979567289352416992e-01,-9.088333249092102051e-01,-1.026722908020019531e+00,-8.535535335540771484e-01,-2.993141673505306244e-02,1.142551302909851074e-01,-1.946309059858322144e-01,-7.358108758926391602e-01,-3.562992215156555176e-01,5.848863124847412109e-01,-2.158460617065429688e-01,-1.163563609123229980e+00,4.011854529380798340e-01,-1.179774761199951172e+00,9.956933856010437012e-01,-4.398483037948608398e-01,-3.960324823856353760e-01
6.267002224922180176e-01,-2.000000000000000000e+00,2.000000000000000000e+00,1.545721530914306641e+00,-2.000000000000000000e+00,-1.751171588897705078e+00,-7.240133285522460938e-01,-1.134454980492591858e-01,9.777402281761169434e-01,-1.611468911170959473e+00,-1.192965269088745117e+00,-6.567450761795043945e-01,9.015875458717346191e-01,-4.292258620262145996e-01,-2.000000000000000000e+00,9.393094778060913086e-01,-1.529418826103210449e+00,1.647269725799560547e+00,-6.397959589958190918e-01,-6.609285473823547363e-01
8.365765810012817383e-01,-2.000000000000000000e+00,2.000000000000000000e+00,2.000000000000000000e+00,-2.000000000000000000e+00,-2.000000000000000000e+00,-1.665928363800048828e+00,-1.868357062339782715e-01,1.889229536056518555e+00,-2.000000000000000000e+00,-1.642114639282226562e+00,-9.359104633331298828e-01,1.217890977859497070e+00,-8.484231829643249512e-01,-1.477280378341674805e+00,1.378230571746826172e+00,-1.875025629997253418e+00,2.000000000000000000e+00,-6.406986713409423828e-01,-9.121084809303283691e-01
1.006470680236816406e+00,-2.000000000000000000e+00,2.000000000000000000e+00,2.000000000000000000e+00,-2.000000000000000000e+00,-2.000000000000000000e+00,-2.000000000000000000e+00,-2.903182506561279297e-01,2.000000000000000000e+00,-2.000000000000000000e+00,-2.000000000000000000e+00,-1.166132211685180664e+00,1.475819587707519531e+00,-1.269272565841674805e+00,-6.887076497077941895e-01,1.742913603782653809e+00,-1.975222349166870117e+00,2.000000000000000000e+00,-7.692884802818298340e-01,-1.159250378608703613e+00
1.165620207786560059e+00,-2.000000000000000000e+00,2.000000000000000000e+00,1.950896620750427246e+00,-2.000000000000000000e+00,-2.000000000000000000e+00,-2.000000000000000000e+00,-3.848827183246612549e-01,2.000000000000000000e+00,-1.570950269699096680e+00,-2.000000000000000000e+00,-1.415222525596618652e+00,1.705276846885681152e+00,-1.646739959716796875e+00,-1.527914524078369141e+00,2.000000000000000000e+00,-1.624070525169372559e+00,2.000000000000000000e+00,-8.842111229896545410e-01,-1.380814075469970703e+00
1.328181266784667969e+00,-2.000000000000000000e+00,2.000000000000000000e+00,2.000000000000000000e+00,-2.000000000000000000e+00,-2.000000000000000000e+00,-2.000000000000000000e+00,-4.472201764583587646e-01,2.000000000000000000e+00,-1.537454128265380859e-02,-2.000000000000000000e+00,-1.643052577972412109e+00,2.000000000000000000e+00,-2.000000000000000000e+00,-2.000000000000000000e+00,1.608379125595092773e+00,-8.214160799980163574e-01,2.000000000000000000e+00,-8.726888895034790039e-01,-1.593074321746826172e+00
1.423169970512390137e+00,-2.000000000000000000e+00,2.000000000000000000e+00,2.000000000000000000e+00,-2.000000000000000000e+00,-2.000000000000000000e+00,-2.000000000000000000e+00,-5.534490346908569336e-01,2.000000000000000000e+00,1.058864831924438477e+00,-2.000000000000000000e+00,-1.783852219581604004e+00,2.000000000000000000e+00,-2.000000000000000000e+00,-1.227137923240661621e+00,1.778172373771667480e+00,-5.609695315361022949e-01,2.000000000000000000e+00,-8.982879519462585449e-01,-1.770721793174743652e+00
1.499102234840393066e+00,-2.000000000000000000e+00,2.000000000000000000e+00,1.983784437179565430e+00,-2.000000000000000000e+00,-2.000000000000000000e+00,-2.000000000000000000e+00,-6.408406496047973633e-01,2.000000000000000000e+00,1.999126195907592773e+00,-2.000000000000000000e+00,-1.936622262001037598e+00,2.000000000000000000e+00,-2.000000000000000000e+00,-1.790035486221313477e+00,2.000000000000000000e+00,-1.793388426303863525e-01,2.000000000000000000e+00,-9.467170238494873047e-01,-1.884947538375854492e+00
1.552857041358947754e+00,-2.000000000000000000e+00,2.000000000000000000e+00,2.000000000000000000e+00,-2.000000000000000000e+00,-2.000000000000000000e+00,-2.000000000000000000e+00,-7.361515164375305176e-01,2.000000000000000000e+00,2.000000000000000000e+00,-2.000000000000000000e+00,-1.998705744743347168e+00,2.000000000000000000e+00,-2.000000000000000000e+00,-2.000000000000000000e+00,1.857789278030395508e+00,2.107577621936798096e-01,2.000000000000000000e+00,-1.058165550231933594e+00,-2.000000000000000000e+00
1.587483763694763184e+00,-2.000000000000000000e+00,2.000000000000000000e+00,1.988016366958618164e+00,-2.000000000000000000e+00,-2.000000000000000000e+00,-2.000000000000000000e+00,-8.226506710052490234e-01,2.000000000000000000e+00,2.000000000000000000e+00,-2.000000000000000000e+00,-2.000000000000000000e+00,2.000000000000000000e+00,-2.000000000000000000e+00,-2.000000000000000000e+00,2.000000000000000000e+00,2.686436772346496582e-01,2.000000000000000000e+00,-1.157764911651611328e+00,-2.000000000000000000e+00
1.604836702346801758e+00,-2.000000000000000000e+00,2.000000000000000000e+00,2.000000000000000000e+00,-1.970308423042297363e+00,-2.000000000000000000e+00,-2.000000000000000000e+00,-9.063613414764404297e-01,2.000000000000000000e+00,2.000000000000000000e+00,-2.000000000000000000e+00,-1.970258712768554688e+00,2.000000000000000000e+00,-2.000000000000000000e+00,-2.000000000000000000e+00,2.000000000000000000e+00,-5.951645970344543457e-02,2.000000000000000000e+00,-1.269229412078857422e+00,-2.000000000000000000e+00
1.627200365066528320e+00,-2.000000000000000000e+00,2.000000000000000000e+00,2.000000000000000000e+00,-1.870881557464599609e+00,-2.000000000000000000e+00,-2.000000000000000000e+00,-9.718030691146850586e-01,2.000000000000000000e+00,2.000000000000000000e+00,-2.000000000000000000e+00,-1.930402517318725586e+00,2.000000000000000000e+00,-2.000000000000000000e+00,-2.000000000000000000e+00,2.000000000000000000e+00,-3.971690833568572998e-01,2.000000000000000000e+00,-1.388837337493896484e+00,-2.000000000000000000e+00
1.645037531852722168e+00,-2.000000000000000000e+00,2.000000000000000000e+00,2.000000000000000000e+00,-2.000000000000000000e+00,-2.000000000000000000e+00,-2.000000000000000000e+00,-1.023789525032043457e+00,2.000000000000000000e+00,1.818294882774353027e+00,-2.000000000000000000e+00,-1.989906549453735352e+00,2.000000000000000000e+00,-1.910843610763549805e+00,-2.000000000000000000e+00,2.000000000000000000e+00,-6.210637688636779785e-01,2.000000000000000000e+00,-1.491444945335388184e+00,-2.000000000000000000e+00
1.655831694602966309e+00,-2.000000000000000000e+00,2.000000000000000000e+00,2.000000000000000000e+00,-2.000000000000000000e+00,-2.000000000000000000e+00,-1.977240920066833496e+00,-1.075216650962829590e+00,2.000000000000000000e+00,1.332074761390686035e+00,-2.000000000000000000e+00,-2.000000000000000000e+00,2.000000000000000000e+00,-1.870260238647460938e+00,-2.000000000000000000e+00,2.000000000000000000e+00,-6.683951020240783691e-01,2.000000000000000000e+00,-1.532877445220947266e+00,-2.000000000000000000e+00
1.662183046340942383e+00,-2.000000000000000000e+00,2.000000000000000000e+00,2.000000000000000000e+00,-1.729574799537658691e+00,-2.000000000000000000e+00,-2.000000000000000000e+00,-1.121533155441284180e+00,2.000000000000000000e+00,7.493602037429809570e-01,-2.000000000000000000e+00,-1.966069698333740234e+00,2.000000000000000000e+00,-1.859370112419128418e+00,-2.000000000000000000e+00,2.000000000000000000e+00,-9.274880290031433105e-01,2.000000000000000000e+00,-1.592196941375732422e+00,-1.998653888702392578e+00
1.668308258056640625e+00,-2.000000000000000000e+00,2.000000000000000000e+00,2.000000000000000000e+00,-1.522433876991271973e+00,-2.000000000000000000e+00,-2.000000000000000000e+00,-1.159305810928344727e+00,2.000000000000000000e+00,3.703795671463012695e-01,-2.000000000000000000e+00,-1.911822557449340820e+00,2.000000000000000000e+00,-1.870610594749450684e+00,-2.000000000000000000e+00,2.000000000000000000e+00,-1.191028237342834473e+00,2.000000000000000000e+00,-1.667506694793701172e+00,-2.000000000000000000e+00
1.670283079147338867e+00,-2.000000000000000000e+00,2.000000000000000000e+00,2.000000000000000000e+00,-1.782847046852111816e+00,-2.000000000000000000e+00,-2.000000000000000000e+00,-1.182394266128540039e+00,2.000000000000000000e+00,2.247726321220397949e-01,-2.000000000000000000e+00,-1.929541230201721191e+00,2.000000000000000000e+00,-1.819242835044860840e+00,-2.000000000000000000e+00,2.000000000000000000e+00,-1.326290011405944824e+00,2.000000000000000000e+00,-1.719250202178955078e+00,-1.994057059288024902e+00
1.670247077941894531e+00,-2.000000000000000000e+00,2.000000000000000000e+00,2.000000000000000000e+00,-1.900050163269042969e+00,-2.000000000000000000e+00,-1.976267576217651367e+00,-1.193227648735046387e+00,2.000000000000000000e+00,1.123151928186416626e-01,-2.000000000000000000e+00,-1.938484549522399902e+00,2.000000000000000000e+00,-1.812310338020324707e+00,-2.000000000000000000e+00,2.000000000000000000e+00,-1.331844091415405273e+00,2.000000000000000000e+00,-1.730446696281433105e+00,-1.990000486373901367e+00
1.670236706733703613e+00,-1.992185592651367188e+00,1.998414635658264160e+00,1.997711300849914551e+00,-1.903369426727294922e+00,-1.996914267539978027e+00,-1.972509264945983887e+00,-1.192769050598144531e+00,1.995278120040893555e+00,1.215415522456169128e-01,-1.998498439788818359e+00,-1.939576983451843262e+00,1.999308347702026367e+00,-1.811733484268188477e+00,-1.995665311813354492e+00,1.999936699867248535e+00,-1.327817559242248535e+00,1.997935533523559570e+00,-1.729426860809326172e+00,-1.990250110626220703e+00
1.669762492179870605e+00,-2.000000000000000000e+00,2.000000000000000000e+00,2.000000000000000000e+00,-1.942204833030700684e+00,-2.000000000000000000e+00,-1.985348939895629883e+00,-1.195067882537841797e+00,2.000000000000000000e+00,8.813760429620742798e-02,-2.000000000000000000e+00,-1.940012335777282715e+00,2.000000000000000000e+00,-1.804716467857360840e+00,-2.000000000000000000e+00,2.000000000000000000e+00,-1.348365306854248047e+00,2.000000000000000000e+00,-1.737012505531311035e+00,-1.986915946006774902e+00
1.673211097717285156e+00,-1.793990731239318848e+00,1.863605737686157227e+00,1.900079727172851562e+00,-1.735718965530395508e+00,-1.891190528869628906e+00,-2.000000000000000000e+00,-1.183378815650939941e+00,1.834713816642761230e+00,2.815683782100677490e-01,-1.950457096099853516e+00,-1.935990333557128906e+00,1.985911250114440918e+00,-1.820302605628967285e+00,-1.850564837455749512e+00,1.908810377120971680e+00,-1.339625597000122070e+00,1.917400717735290527e+00,-1.718570590019226074e+00,-2.000000000000000000e+00
1.679788947105407715e+00,-1.299988746643066406e+00,1.816793084144592285e+00,1.724332332611083984e+00,-1.353653550148010254e+00,-1.689652442932128906e+00,-1.917996048927307129e+00,-1.173444747924804688e+00,1.525145530700683594e+00,8.824180364608764648e-01,-1.853343725204467773e+00,-1.976625561714172363e+00,1.941957473754882812e+00,-1.850916266441345215e+00,-1.568039059638977051e+00,1.984561920166015625e+00,-1.083816528320312500e+00,1.815942525863647461e+00,-1.652041196823120117e+00,-2.000000000000000000e+00
1.694999217987060547e+00,-1.000889182090759277e+00,1.559289216995239258e+00,1.532556176185607910e+00,-9.567888975143432617e-01,-1.476285934448242188e+00,-2.000000000000000000e+00,-1.173048615455627441e+00,1.205857992172241211e+00,1.384701371192932129e+00,-1.751248002052307129e+00,-1.978919506072998047e+00,1.930127263069152832e+00,-1.879349827766418457e+00,-1.307106494903564453e+00,1.817136168479919434e+00,-1.080911040306091309e+00,1.649475812911987305e+00,-1.617969274520874023e+00,-2.000000000000000000e+00
1.713518261909484863e+00,-1.872664690017700195e-01,1.478214740753173828e+00,1.487488269805908203e+00,-1.428371548652648926e+00,-1.126074671745300293e+00,-1.837636709213256836e+00,-1.200498104095458984e+00,6.669556498527526855e-01,2.000000000000000000e+00,-1.585469961166381836e+00,-2.000000000000000000e+00,1.858909368515014648e+00,-1.882732272148132324e+00,-8.106279969215393066e-01,1.513939619064331055e+00,-6.248595714569091797e-01,1.508993864059448242e+00,-1.521905183792114258e+00,-2.000000000000000000e+00
1.776136040687561035e+00,-6.107094287872314453e-01,1.073022842407226562e+00,1.331722855567932129e+00,-1.769086837768554688e+00,-7.570096254348754883e-01,-1.595027208328247070e+00,-1.231440782546997070e+00,1.972936391830444336e-01,2.000000000000000000e+00,-1.374343872070312500e+00,-2.000000000000000000e+00,1.867804288864135742e+00,-1.837162494659423828e+00,-3.130325376987457275e-01,1.491258502006530762e+00,-1.804889738559722900e-01,1.196002602577209473e+00,-1.379393815994262695e+00,-2.000000000000000000e+00
1.861441850662231445e+00,-1.352296590805053711e+00,5.848436355590820312e-01,9.553612470626831055e-01,-9.553268551826477051e-01,-2.879897952079772949e-01,-1.758424401283264160e+00,-1.287752151489257812e+00,-4.584374427795410156e-01,2.000000000000000000e+00,-1.107272863388061523e+00,-2.000000000000000000e+00,1.866706490516662598e+00,-2.000000000000000000e+00,3.181900084018707275e-01,1.437047362327575684e+00,2.800910174846649170e-01,8.273378610610961914e-01,-1.200716495513916016e+00,-2.000000000000000000e+00
1.949981808662414551e+00,-1.247058749198913574e+00,-3.303289413452148438e-04,4.886468350887298584e-01,1.849281787872314453e-02,2.535313963890075684e-01,-2.000000000000000000e+00,-1.374124884605407715e+00,-1.247001290321350098e+00,2.000000000000000000e+00,-8.489516377449035645e-01,-2.000000000000000000e+00,1.859616994857788086e+00,-2.000000000000000000e+00,9.076751470565795898e-01,1.051067113876342773e+00,2.749857306480407715e-01,3.990469574928283691e-01,-1.163201689720153809e+00,-2.000000000000000000e+00
2.000000000000000000e+00,2.016592025756835938e-02,4.246236085891723633e-01,3.208361864089965820e-01,-6.901526451110839844e-01,8.376419544219970703e-01,-1.671917080879211426e+00,-1.469213962554931641e+00,-2.000000000000000000e+00,2.000000000000000000e+00,-5.188685655593872070e-01,-2.000000000000000000e+00,1.658227801322937012e+00,-1.910724997520446777e+00,1.701241612434387207e+00,1.286809563636779785e+00,1.054816961288452148e+00,4.278108775615692139e-01,-9.801542162895202637e-01,-2.000000000000000000e+00
2.000000000000000000e+00,-8.482617735862731934e-01,3.291162848472595215e-02,-8.049985766410827637e-02,2.033503055572509766e-01,1.375772476196289062e+00,-1.636382222175598145e+00,-1.515413045883178711e+00,-2.000000000000000000e+00,2.000000000000000000e+00,-1.883599162101745605e-01,-2.000000000000000000e+00,1.715710639953613281e+00,-2.000000000000000000e+00,2.000000000000000000e+00,1.333499193191528320e+00,1.434694647789001465e+00,-7.315307855606079102e-03,-7.683979868888854980e-01,-2.000000000000000000e+00
2.000000000000000000e+00,-1.024181127548217773e+00,-5.128031969070434570e-01,-5.355466604232788086e-01,1.143644928932189941e+00,1.917411923408508301e+00,-2.000000000000000000e+00,-1.578708291053771973e+00,-2.000000000000000000e+00,2.000000000000000000e+00,9.151288866996765137e-02,-2.000000000000000000e+00,1.713241338729858398e+00,-2.000000000000000000e+00,2.000000000000000000e+00,9.611662626266479492e-01,1.307338714599609375e+00,-4.644642174243927002e-01,-7.388842701911926270e-01,-2.000000000000000000e+00
2.000000000000000000e+00,4.943501949310302734e-02,-1.021725535392761230e-01,-9.293112754821777344e-01,2.000000000000000000e+00,2.000000000000000000e+00,-2.000000000000000000e+00,-1.650581240653991699e+00,-2.000000000000000000e+00,2.000000000000000000e+00,3.939915001392364502e-01,-2.000000000000000000e+00,1.522333502769470215e+00,-2.000000000000000000e+00,2.000000000000000000e+00,1.263512969017028809e+00,1.991554856300354004e+00,-5.247694849967956543e-01,-5.686796307563781738e-01,-2.000000000000000000e+00
2.000000000000000000e+00,1.403969898819923401e-02,-5.049537420272827148e-01,-1.293832778930664062e+00,2.000000000000000000e+00,2.000000000000000000e+00,-2.000000000000000000e+00,-1.682634115219116211e+00,-2.000000000000000000e+00,2.000000000000000000e+00,6.420562863349914551e-01,-1.983217000961303711e+00,1.550118088722229004e+00,-2.000000000000000000e+00,2.000000000000000000e+00,9.939352273941040039e-01,1.839590787887573242e+00,-9.065607786178588867e-01,-5.472726225852966309e-01,-2.000000000000000000e+00
2.000000000000000000e+00,9.750719666481018066e-01,-4.003390073776245117e-01,-1.325055122375488281e+00,1.743896245956420898e+00,2.000000000000000000e+00,-2.000000000000000000e+00,-1.718968152999877930e+00,-2.000000000000000000e+00,2.000000000000000000e+00,9.036008119583129883e-01,-1.963611841201782227e+00,1.371512055397033691e+00,-1.892087221145629883e+00,2.000000000000000000e+00,6.581522822380065918e-01,2.000000000000000000e+00,-1.106107354164123535e+00,-6.443714499473571777e-01,-2.000000000000000000e+00
2.000000000000000000e+00,1.248726487159729004e+00,-8.396435976028442383e-01,-1.531819581985473633e+00,1.393442749977111816e+00,2.000000000000000000e+00,-1.938551425933837891e+00,-1.761222958564758301e+00,-2.000000000000000000e+00,2.000000000000000000e+00,1.069731593132019043e+00,-2.000000000000000000e+00,1.295620679855346680e+00,-1.815252542495727539e+00,2.000000000000000000e+00,4.714411795139312744e-01,2.000000000000000000e+00,-1.397662639617919922e+00,-6.315170526504516602e-01,-2.000000000000000000e+00
2.000000000000000000e+00,1.306474804878234863e+00,-1.205311775207519531e+00,-1.794572949409484863e+00,1.933827638626098633e+00,2.000000000000000000e+00,-2.000000000000000000e+00,-1.777683258056640625e+00,-2.000000000000000000e+00,2.000000000000000000e+00,1.234117150306701660e+00,-1.933093667030334473e+00,1.230003595352172852e+00,-1.876283407211303711e+00,2.000000000000000000e+00,2.933569252490997314e-01,2.000000000000000000e+00,-1.654395341873168945e+00,-6.135289669036865234e-01,-1.993522405624389648e+00
1.999275684356689453e+00,1.815103292465209961e+00,-1.348806977272033691e+00,-1.876735806465148926e+00,1.596616864204406738e+00,2.000000000000000000e+00,-1.670497894287109375e+00,-1.781374216079711914e+00,-2.000000000000000000e+00,2.000000000000000000e+00,1.372068643569946289e+00,-1.910705566406250000e+00,1.134717464447021484e+00,-1.751853346824645996e+00,2.000000000000000000e+00,1.208348423242568970e-01,2.000000000000000000e+00,-1.730655431747436523e+00,-6.870101094245910645e-01,-1.964978456497192383e+00
1.999605655670166016e+00,1.799992918968200684e+00,-1.338369369506835938e+00,-1.870591521263122559e+00,1.603401660919189453e+00,1.991505146026611328e+00,-1.669914007186889648e+00,-1.781942367553710938e+00,-1.988686442375183105e+00,1.977644324302673340e+00,1.368151903152465820e+00,-1.912762999534606934e+00,1.136984109878540039e+00,-1.751067280769348145e+00,1.988320827484130859e+00,1.267984509468078613e-01,1.990551352500915527e+00,-1.723493337631225586e+00,-6.874799728393554688e-01,-1.966539025306701660e+00
2.000000000000000000e+00,1.621263742446899414e+00,-1.188697338104248047e+00,-1.759145498275756836e+00,1.385725617408752441e+00,1.867429256439208984e+00,-1.592172741889953613e+00,-1.796210408210754395e+00,-1.815955877304077148e+00,1.793394207954406738e+00,1.298690199851989746e+00,-1.958227634429931641e+00,1.175271749496459961e+00,-1.720957159996032715e+00,1.820169806480407715e+00,2.153098732233047485e-01,1.899520277976989746e+00,-1.618017673492431641e+00,-7.014542222023010254e-01,-2.000000000000000000e+00
2.000000000000000000e+00,1.137330532073974609e+00,-7.489804029464721680e-01,-1.426626205444335938e+00,7.816936373710632324e-01,1.488413810729980469e+00,-2.000000000000000000e+00,-1.818364500999450684e+00,-1.332708358764648438e+00,1.063200473785400391e+00,1.045903682708740234e+00,-2.000000000000000000e+00,1.323562145233154297e+00,-1.907743573188781738e+00,1.839053750038146973e+00,4.022535681724548340e-01,1.669087886810302734e+00,-1.273475050926208496e+00,-6.295602917671203613e-01,-2.000000000000000000e+00
2.000000000000000000e+00,2.409934997558593750e-03,-1.240773200988769531e-01,-1.047391891479492188e+00,9.229354262351989746e-01,9.633995890617370605e-01,-2.000000000000000000e+00,-1.880640506744384766e+00,-6.151018142700195312e-01,4.727861285209655762e-01,7.193350195884704590e-01,-2.000000000000000000e+00,1.502255439758300781e+00,-2.000000000000000000e+00,2.000000000000000000e+00,6.535967588424682617e-01,1.522329807281494141e+00,-8.120344877243041992e-01,-6.427068710327148438e-01,-2.000000000000000000e+00
2.000000000000000000e+00,-1.360316276550292969e+00,4.797360301017761230e-01,-9.149980545043945312e-01,-2.857744693756103516e-02,4.137380123138427734e-01,-2.000000000000000000e+00,-1.969265699386596680e+00,1.821528077125549316e-01,-8.434478640556335449e-01,3.971491456031799316e-01,-2.000000000000000000e+00,1.710348963737487793e+00,-2.000000000000000000e+00,1.251405000686645508e+00,8.666452765464782715e-01,1.432907342910766602e+00,-3.631790578365325928e-01,-7.709657549858093262e-01,-2.000000000000000000e+00
2.000000000000000000e+00,-2.000000000000000000e+00,1.123410344123840332e+00,-5.681555271148681641e-01,-6.695480644702911377e-02,-1.243852376937866211e-01,-2.000000000000000000e+00,-2.000000000000000000e+00,9.367569684982299805e-01,-2.000000000000000000e+00,6.858915090560913086e-02,-2.000000000000000000e+00,1.862828254699707031e+00,-2.000000000000000000e+00,1.369512081146240234e+00,8.772655725479125977e-01,1.225072026252746582e+00,1.087717413902282715e-01,-8.275287151336669922e-01,-2.000000000000000000e+00
2.000000000000000000e+00,-2.000000000000000000e+00,1.592957973480224609e+00,-5.221670866012573242e-01,-8.663765788078308105e-01,-5.718605518341064453e-01,-2.000000000000000000e+00,-2.000000000000000000e+00,1.599104404449462891e+00,-2.000000000000000000e+00,-1.780778020620346069e-01,-2.000000000000000000e+00,2.000000000000000000e+00,-2.000000000000000000e+00,7.548777461051940918e-01,1.038366079330444336e+00,1.095675587654113770e+00,4.708835482597351074e-01,-9.252306818962097168e-01,-2.000000000000000000e+00
2.000000000000000000e+00,-2.000000000000000000e+00,2.000000000000000000e+00,-2.770641744136810303e-01,-1.082214474678039551e+00,-1.007172465324401855e+00,-2.000000000000000000e+00,-2.000000000000000000e+00,2.000000000000000000e+00,-2.000000000000000000e+00,-4.278628528118133545e-01,-2.000000000000000000e+00,2.000000000000000000e+00,-2.000000000000000000e+00,9.779108762741088867e-01,9.859227538108825684e-01,1.028448462486267090e+00,8.384251594543457031e-01,-9.630963206291198730e-01,-2.000000000000000000e+00
2.000000000000000000e+00,-2.000000000000000000e+00,2.000000000000000000e+00,-4.471372365951538086e-01,-1.629641056060791016e+00,-1.310010313987731934e+00,-2.000000000000000000e+00,-2.000000000000000000e+00,2.000000000000000000e+00,-2.000000000000000000e+00,-5.910270214080810547e-01,-2.000000000000000000e+00,2.000000000000000000e+00,-2.000000000000000000e+00,5.591701865196228027e-01,1.236504793167114258e+00,8.154783844947814941e-01,1.081373691558837891e+00,-9.963039159774780273e-01,-2.000000000000000000e+00
2.000000000000000000e+00,-2.000000000000000000e+00,2.000000000000000000e+00,-2.731624245643615723e-01,-2.000000000000000000e+00,-1.603567361831665039e+00,-2.000000000000000000e+00,-2.000000000000000000e+00,2.000000000000000000e+00,-2.000000000000000000e+00,-7.640650272369384766e-01,-2.000000000000000000e+00,2.000000000000000000e+00,-2.000000000000000000e+00,1.661896705627441406e-01,1.016559123992919922e+00,1.051926732063293457e+00,1.325662612915039062e+00,-9.623960852622985840e-01,-2.000000000000000000e+00
2.000000000000000000e+00,-2.000000000000000000e+00,2.000000000000000000e+00,-1.762322187423706055e-01,-2.000000000000000000e+00,-1.803286075592041016e+00,-2.000000000000000000e+00,-2.000000000000000000e+00,2.000000000000000000e+00,-2.000000000000000000e+00,-8.651838302612304688e-01,-1.975404500961303711e+00,2.000000000000000000e+00,-2.000000000000000000e+00,4.367684125900268555e-01,1.055896997451782227e+00,1.004259705543518066e+00,1.481362462043762207e+00,-9.369595646858215332e-01,-2.000000000000000000e+00
2.000000000000000000e+00,-2.000000000000000000e+00,2.000000000000000000e+00,-2.039953023195266724e-01,-2.000000000000000000e+00,-1.845595002174377441e+00,-2.000000000000000000e+00,-2.000000000000000000e+00,2.000000000000000000e+00,-2.000000000000000000e+00,-8.840954303741455078e-01,-1.967627644538879395e+00,2.000000000000000000e+00,-1.995147347450256348e+00,3.764216005802154541e-01,1.088483452796936035e+00,9.510506987571716309e-01,1.510371446609497070e+00,-9.501895308494567871e-01,-1.997480511665344238e+00
1.999112129211425781e+00,-2.000000000000000000e+00,2.000000000000000000e+00,-2.094256579875946045e-01,-2.000000000000000000e+00,-1.880188703536987305e+00,-1.976570010185241699e+00,-2.000000000000000000e+00,2.000000000000000000e+00,-2.000000000000000000e+00,-9.017489552497863770e-01,-1.968919873237609863e+00,2.000000000000000000e+00,-2.000000000000000000e+00,3.282912373542785645e-01,1.117181777954101562e+00,9.401842951774597168e-01,1.537615180015563965e+00,-9.581422209739685059e-01,-1.996578931808471680e+00
2.000000000000000000e+00,-1.692814946174621582e+00,1.986793160438537598e+00,-2.947000861167907715e-01,-1.765041470527648926e+00,-1.754839539527893066e+00,-2.000000000000000000e+00,-1.990589380264282227e+00,1.810801506042480469e+00,-1.628331661224365234e+00,-8.379372954368591309e-01,-1.989816188812255859e+00,1.967308521270751953e+00,-2.000000000000000000e+00,5.016558170318603516e-01,1.222188472747802734e+00,1.084632873535156250e+00,1.449909567832946777e+00,-9.137278795242309570e-01,-2.000000000000000000e+00
2.000000000000000000e+00,-1.546725869178771973e+00,1.894904375076293945e+00,-3.677110075950622559e-01,-1.614501714706420898e+00,-1.672664880752563477e+00,-2.000000000000000000e+00,-1.988789439201354980e+00,1.690375328063964844e+00,-1.422074198722839355e+00,-7.956067919731140137e-01,-1.990322947502136230e+00,1.967281579971313477e+00,-2.000000000000000000e+00,4.772449135780334473e-01,1.168555498123168945e+00,1.080869197845458984e+00,1.383957147598266602e+00,-9.023571014404296875e-01,-2.000000000000000000e+00
2.000000000000000000e+00,-1.382721781730651855e+00,1.647833347320556641e+00,-5.443630218505859375e-01,-1.247854351997375488e+00,-1.472578644752502441e+00,-1.812674999237060547e+00,-1.999267458915710449e+00,1.402977108955383301e+00,-9.533169269561767578e-01,-6.901627182960510254e-01,-2.000000000000000000e+00,1.937006473541259766e+00,-1.952936172485351562e+00,2.210455536842346191e-01,1.097895383834838867e+00,1.101500272750854492e+00,1.229776382446289062e+00,-9.444253444671630859e-01,-2.000000000000000000e+00
2.000000000000000000e+00,-5.999649167060852051e-01,1.203398823738098145e+00,-7.117097377777099609e-01,-7.426432371139526367e-01,-1.124669551849365234e+00,-2.000000000000000000e+00,-2.000000000000000000e+00,8.694214224815368652e-01,-1.453977823257446289e-02,-5.317078232765197754e-01,-2.000000000000000000e+00,1.924113750457763672e+00,-2.000000000000000000e+00,1.009255722165107727e-01,8.912323713302612305e-01,1.377833604812622070e+00,9.770103693008422852e-01,-9.278750419616699219e-01,-2.000000000000000000e+00
2.000000000000000000e+00,-7.983464002609252930e-01,6.608534455299377441e-01,-9.454168081283569336e-01,-9.331650137901306152e-01,-6.717150211334228516e-01,-1.378064632415771484e+00,-2.000000000000000000e+00,2.342584729194641113e-01,1.100529670715332031e+00,-2.675082385540008545e-01,-2.000000000000000000e+00,1.917420029640197754e+00,-1.777611970901489258e+00,-2.073065340518951416e-01,9.363018274307250977e-01,1.657912492752075195e+00,6.243640184402465820e-01,-9.874558448791503906e-01,-2.000000000000000000e+00
2.000000000000000000e+00,-9.041008949279785156e-01,-3.726756572723388672e-02,-6.276235580444335938e-01,-3.599207997322082520e-01,-1.013110876083374023e-01,-9.652147293090820312e-01,-2.000000000000000000e+00,-5.986267328262329102e-01,1.000011682510375977e+00,5.118384957313537598e-02,-2.000000000000000000e+00,1.883503437042236328e+00,-1.674708485603332520e+00,5.675748586654663086e-01,4.906662404537200928e-01,1.662007808685302734e+00,1.791853606700897217e-01,-1.089211344718933105e+00,-2.000000000000000000e+00
2.000000000000000000e+00,-1.507489562034606934e+00,-7.063502669334411621e-01,-8.421189785003662109e-01,-1.514375805854797363e-01,4.490493535995483398e-01,-2.673367857933044434e-01,-2.000000000000000000e+00,-1.366709947586059570e+00,2.879317998886108398e-01,3.595030009746551514e-01,-2.000000000000000000e+00,1.740754008293151855e+00,-1.425380706787109375e+00,1.303697824478149414e+00,8.071466684341430664e-01,1.491864204406738281e+00,-2.423271238803863525e-01,-1.203179240226745605e+00,-2.000000000000000000e+00
2.000000000000000000e+00,-9.157688617706298828e-01,-1.475408077239990234e+00,-1.242145299911499023e+00,-2.260714918375015259e-01,1.066833019256591797e+00,-3.698686361312866211e-01,-2.000000000000000000e+00,-2.000000000000000000e+00,1.297420620918273926e+00,6.059724092483520508e-01,-2.000000000000000000e+00,1.710453152656555176e+00,-1.624338150024414062e+00,2.000000000000000000e+00,4.702669978141784668e-01,2.000000000000000000e+00,-7.026934623718261719e-01,-1.291916608810424805e+00,-2.000000000000000000e+00
2.000000000000000000e+00,-1.025292515754699707e+00,-2.000000000000000000e+00,-1.753368020057678223e+00,8.446552753448486328e-01,1.647040724754333496e+00,-9.785994291305541992e-01,-2.000000000000000000e+00,-2.000000000000000000e+00,1.594854593276977539e+00,8.507638573646545410e-01,-2.000000000000000000e+00,1.620948433876037598e+00,-1.875514149665832520e+00,2.000000000000000000e+00,6.731459498405456543e-02,2.000000000000000000e+00,-1.153107523918151855e+00,-1.358428478240966797e+00,-2.000000000000000000e+00
2.000000000000000000e+00,-1.158440113067626953e+00,-2.000000000000000000e+00,-2.000000000000000000e+00,1.722072601318359375e+00,2.000000000000000000e+00,-5.646632909774780273e-01,-2.000000000000000000e+00,-2.000000000000000000e+00,2.000000000000000000e+00,1.145279884338378906e+00,-2.000000000000000000e+00,1.533333897590637207e+00,-1.802555680274963379e+00,1.556675791740417480e+00,-1.678534001111984253e-01,2.000000000000000000e+00,-1.593517780303955078e+00,-1.538996815681457520e+00,-2.000000000000000000e+00
2.000000000000000000e+00,-4.529295563697814941e-01,-2.000000000000000000e+00,-2.000000000000000000e+00,1.481973290443420410e+00,2.000000000000000000e+00,1.311265826225280762e-01,-2.000000000000000000e+00,-2.000000000000000000e+00,2.000000000000000000e+00,1.423577070236206055e+00,-2.000000000000000000e+00,1.496951103210449219e+00,-1.642336845397949219e+00,9.034947156906127930e-01,-2.859080731868743896e-01,1.984792113304138184e+00,-2.000000000000000000e+00,-1.653306365013122559e+00,-2.000000000000000000e+00
2.000000000000000000e+00,-8.567118644714355469e-01,-2.000000000000000000e+00,-2.000000000000000000e+00,2.000000000000000000e+00,2.000000000000000000e+00,5.159168243408203125e-01,-2.000000000000000000e+00,-2.000000000000000000e+00,2.000000000000000000e+00,1.707573056221008301e+00,-1.956085801124572754e+00,1.381887674331665039e+00,-1.616485238075256348e+00,1.256535768508911133e+00,-1.537163257598876953e-01,1.831343054771423340e+00,-2.000000000000000000e+00,-1.775998115539550781e+00,-2.000000000000000000e+00
2.000000000000000000e+00,-2.205768227577209473e-01,-2.000000000000000000e+00,-2.000000000000000000e+00,1.660706639289855957e+00,2.000000000000000000e+00,1.071515321731567383e+00,-2.000000000000000000e+00,-2.000000000000000000e+00,1.812582373619079590e+00,1.906131744384765625e+00,-2.000000000000000000e+00,1.331681251525878906e+00,-1.483570575714111328e+00,8.160048127174377441e-01,-2.999065518379211426e-01,1.841220140457153320e+00,-2.000000000000000000e+00,-1.873618841171264648e+00,-2.000000000000000000e+00
2.000000000000000000e+00,-2.983562350273132324e-01,-2.000000000000000000e+00,-2.000000000000000000e+00,2.000000000000000000e+00,2.000000000000000000e+00,1.336823225021362305e+00,-2.000000000000000000e+00,-2.000000000000000000e+00,1.738875746726989746e+00,2.000000000000000000e+00,-1.940969705581665039e+00,1.265626311302185059e+00,-1.471631526947021484e+00,1.061040520668029785e+00,-2.654796838760375977e-01,1.712547302246093750e+00,-2.000000000000000000e+00,-1.938878655433654785e+00,-2.000000000000000000e+00
1.999626159667968750e+00,7.989108562469482422e-03,-2.000000000000000000e+00,-2.000000000000000000e+00,1.891409039497375488e+00,2.000000000000000000e+00,1.576462745666503906e+00,-2.000000000000000000e+00,-2.000000000000000000e+00,1.608624100685119629e+00,2.000000000000000000e+00,-1.935186862945556641e+00,1.239293456077575684e+00,-1.418257474899291992e+00,8.945004940032958984e-01,-3.463295400142669678e-01,1.693838834762573242e+00,-2.000000000000000000e+00,-1.979079008102416992e+00,-1.970416784286499023e+00
2.000000000000000000e+00,-1.047096028923988342e-02,-1.989888072013854980e+00,-1.995302796363830566e+00,1.884788274765014648e+00,1.991725325584411621e+00,1.573670744895935059e+00,-2.000000000000000000e+00,-1.988557457923889160e+00,1.610843300819396973e+00,1.995675206184387207e+00,-1.937286138534545898e+00,1.240477919578552246e+00,-1.417686581611633301e+00,8.867693543434143066e-01,-3.420910537242889404e-01,1.696369051933288574e+00,-1.993113040924072266e+00,-1.980263352394104004e+00,-1.972621679306030273e+00
2.000000000000000000e+00,-3.913042545318603516e-01,-1.760836482048034668e+00,-1.847230434417724609e+00,1.989798784255981445e+00,1.797318220138549805e+00,1.456351041793823242e+00,-2.000000000000000000e+00,-1.885564088821411133e+00,1.579146742820739746e+00,1.873632192611694336e+00,-1.962754607200622559e+00,1.287225127220153809e+00,-1.403574347496032715e+00,8.933331370353698730e-01,-3.543109893798828125e-01,1.475772380828857422e+00,-1.821798920631408691e+00,-2.000000000000000000e+00,-2.000000000000000000e+00
2.000000000000000000e+00,-1.320004105567932129e+00,-1.489650249481201172e+00,-1.491175889968872070e+00,1.332415819168090820e+00,1.391664862632751465e+00,9.145245552062988281e-01,-2.000000000000000000e+00,-1.337177276611328125e+00,2.000000000000000000e+00,1.580293655395507812e+00,-2.000000000000000000e+00,1.523756146430969238e+00,-1.640691518783569336e+00,3.578962087631225586e-01,-1.772816181182861328e-01,1.856694340705871582e+00,-1.914978027343750000e+00,-1.924526691436767578e+00,-2.000000000000000000e+00
2.000000000000000000e+00,-2.000000000000000000e+00,-8.930173516273498535e-01,-1.051524877548217773e+00,4.632464647293090820e-01,8.998103141784667969e-01,1.199991941452026367e+00,-2.000000000000000000e+00,-7.836268544197082520e-01,2.000000000000000000e+00,1.303434610366821289e+00,-2.000000000000000000e+00,1.698068141937255859e+00,-1.468036174774169922e+00,-7.110244035720825195e-02,1.274917423725128174e-01,2.000000000000000000e+00,-1.505657076835632324e+00,-1.966140031814575195e+00,-2.000000000000000000e+00
2.000000000000000000e+00,-2.000000000000000000e+00,-7.197433114051818848e-01,-6.329252719879150391e-01,4.527118206024169922e-01,3.911550045013427734e-01,6.764983534812927246e-01,-2.000000000000000000e+00,-9.219378232955932617e-02,2.000000000000000000e+00,9.591880440711975098e-01,-2.000000000000000000e+00,1.957472681999206543e+00,-1.737589597702026367e+00,-7.306874394416809082e-01,4.401885271072387695e-01,2.000000000000000000e+00,-1.309244871139526367e+00,-1.976162433624267578e+00,-2.000000000000000000e+00
2.000000000000000000e+00,-2.000000000000000000e+00,-8.979809284210205078e-02,-2.496713995933532715e-01,9.304475784301757812e-01,-1.288397908210754395e-01,1.890347301959991455e-01,-2.000000000000000000e+00,4.161915183067321777e-01,2.000000000000000000e+00,6.590747833251953125e-01,-2.000000000000000000e+00,2.000000000000000000e+00,-1.719238042831420898e+00,-1.156419396400451660e+00,4.795224070549011230e-01,1.494518995285034180e+00,-8.703484535217285156e-01,-2.000000000000000000e+00,-2.000000000000000000e+00
2.000000000000000000e+00,-2.000000000000000000e+00,3.893804252147674561e-01,1.307919323444366455e-01,9.139172434806823730e-01,-6.099991798400878906e-01,-6.266256570816040039e-01,-2.000000000000000000e+00,1.127144575119018555e+00,2.000000000000000000e+00,3.663069903850555420e-01,-2.000000000000000000e+00,2.000000000000000000e+00,-2.000000000000000000e+00,-1.825383186340332031e+00,7.722448110580444336e-01,1.910751461982727051e+00,-6.923631429672241211e-01,-1.956164121627807617e+00,-2.000000000000000000e+00
2.000000000000000000e+00,-2.000000000000000000e+00,8.643372058868408203e-01,3.889624178409576416e-01,6.324699521064758301e-01,-9.913464784622192383e-01,-7.399967312812805176e-01,-2.000000000000000000e+00,1.680737257003784180e+00,2.000000000000000000e+00,1.752027571201324463e-01,-2.000000000000000000e+00,2.000000000000000000e+00,-1.992412090301513672e+00,-2.000000000000000000e+00,1.023949146270751953e+00,2.000000000000000000e+00,-3.873213827610015869e-01,-2.000000000000000000e+00,-2.000000000000000000e+00
2.000000000000000000e+00,-2.000000000000000000e+00,1.272375106811523438e+00,6.292797327041625977e-01,9.096529483795166016e-01,-1.319072246551513672e+00,-1.042764663696289062e+00,-2.000000000000000000e+00,2.000000000000000000e+00,2.000000000000000000e+00,6.287112832069396973e-03,-1.965866565704345703e+00,2.000000000000000000e+00,-1.996531486511230469e+00,-2.000000000000000000e+00,9.928743243217468262e-01,1.688443064689636230e+00,-1.281623244285583496e-01,-2.000000000000000000e+00,-2.000000000000000000e+00
2.000000000000000000e+00,-2.000000000000000000e+00,1.311746120452880859e+00,7.201389670372009277e-01,6.380031108856201172e-01,-1.606186389923095703e+00,-1.323808789253234863e+00,-2.000000000000000000e+00,2.000000000000000000e+00,2.000000000000000000e+00,-1.697551161050796509e-01,-2.000000000000000000e+00,2.000000000000000000e+00,-2.000000000000000000e+00,-2.000000000000000000e+00,1.237751126289367676e+00,1.571034669876098633e+00,9.109134972095489502e-02,-2.000000000000000000e+00,-2.000000000000000000e+00
2.000000000000000000e+00,-2.000000000000000000e+00,1.566591978073120117e+00,7.965661287307739258e-01,8.257441520690917969e-01,-1.806136846542358398e+00,-1.454699158668518066e+00,-2.000000000000000000e+00,2.000000000000000000e+00,2.000000000000000000e+00,-2.631583809852600098e-01,-1.966407775878906250e+00,2.000000000000000000e+00,-1.991997122764587402e+00,-2.000000000000000000e+00,1.408018350601196289e+00,1.386888265609741211e+00,2.402222007513046265e-01,-2.000000000000000000e+00,-2.000000000000000000e+00
2.000000000000000000e+00,-2.000000000000000000e+00,1.772694230079650879e+00,9.248279929161071777e-01,9.149690866470336914e-01,-1.974732995033264160e+00,-1.600284695625305176e+00,-2.000000000000000000e+00,2.000000000000000000e+00,2.000000000000000000e+00,-3.530845642089843750e-01,-1.928938508033752441e+00,1.996671915054321289e+00,-2.000000000000000000e+00,-2.000000000000000000e+00,1.444037437438964844e+00,1.218664050102233887e+00,3.770484924316406250e-01,-2.000000000000000000e+00,-2.000000000000000000e+00
1.999852061271667480e+00,-2.000000000000000000e+00,1.772273421287536621e+00,9.276318550109863281e-01,9.103177189826965332e-01,-1.982454895973205566e+00,-1.605067253112792969e+00,-2.000000000000000000e+00,2.000000000000000000e+00,2.000000000000000000e+00,-3.574115335941314697e-01,-1.930149435997009277e+00,1.999196410179138184e+00,-2.000000000000000000e+00,-2.000000000000000000e+00,1.450582265853881836e+00,1.215946197509765625e+00,3.826335966587066650e-01,-2.000000000000000000e+00,-1.998544931411743164e+00
2.000000000000000000e+00,-1.838026404380798340e+00,1.677611827850341797e+00,8.963995575904846191e-01,8.110428452491760254e-01,-1.908411979675292969e+00,-1.564602017402648926e+00,-1.996399044990539551e+00,1.927612066268920898e+00,1.800310254096984863e+00,-3.239586353302001953e-01,-1.953786849975585938e+00,1.988408207893371582e+00,-2.000000000000000000e+00,-1.894922733306884766e+00,1.386737465858459473e+00,1.287295341491699219e+00,3.284112811088562012e-01,-1.976958870887756348e+00,-2.000000000000000000e+00
2.000000000000000000e+00,-1.748291730880737305e+00,1.527001976966857910e+00,8.033579587936401367e-01,6.621360778808593750e-01,-1.781023859977722168e+00,-1.482093453407287598e+00,-1.997986316680908203e+00,1.774991035461425781e+00,1.658305644989013672e+00,-2.567687034606933594e-01,-1.995744705200195312e+00,1.994793057441711426e+00,-1.992591857910156250e+00,-1.719449877738952637e+00,1.356005668640136719e+00,1.414821982383728027e+00,2.253851294517517090e-01,-1.930757522583007812e+00,-2.000000000000000000e+00
2.000000000000000000e+00,-1.052768468856811523e+00,1.755751609802246094e+00,5.255054235458374023e-01,1.242175579071044922e+00,-1.446991205215454102e+00,-1.054721474647521973e+00,-2.000000000000000000e+00,1.297873139381408691e+00,9.163113236427307129e-01,-5.407863855361938477e-02,-2.000000000000000000e+00,1.857736587524414062e+00,-1.829001665115356445e+00,-1.267617344856262207e+00,1.239508986473083496e+00,1.024201512336730957e+00,2.180934548377990723e-01,-2.000000000000000000e+00,-2.000000000000000000e+00
2.000000000000000000e+00,-5.217986106872558594e-01,1.191789746284484863e+00,1.305348277091979980e-01,2.000000000000000000e+00,-1.002330541610717773e+00,-1.376690745353698730e+00,-2.000000000000000000e+00,6.875701546669006348e-01,-2.962004542350769043e-01,8.656172454357147217e-02,-2.000000000000000000e+00,1.781051874160766602e+00,-1.999627351760864258e+00,-6.881372928619384766e-01,1.025946259498596191e+00,5.217012763023376465e-01,-8.902177214622497559e-02,-2.000000000000000000e+00,-2.000000000000000000e+00
2.000000000000000000e+00,6.039565801620483398e-01,1.274547100067138672e+00,-6.491725146770477295e-02,1.119390964508056641e+00,-4.752526283264160156e-01,-5.538638830184936523e-01,-2.000000000000000000e+00,-6.252408027648925781e-02,-1.777772426605224609e+00,3.950445652008056641e-01,-2.000000000000000000e+00,1.582534551620483398e+00,-1.737422466278076172e+00,3.201252222061157227e-02,6.101716160774230957e-01,4.032245278358459473e-01,2.006323039531707764e-01,-2.000000000000000000e+00,-2.000000000000000000e+00
2.000000000000000000e+00,-2.112824320793151855e-01,5.741825699806213379e-01,-3.317071199417114258e-01,5.257403850555419922e-01,1.068575382232666016e-01,2.686979174613952637e-01,-2.000000000000000000e+00,-8.557807207107543945e-01,-2.000000000000000000e+00,6.798741221427917480e-01,-2.000000000000000000e+00,1.470475792884826660e+00,-1.568581819534301758e+00,8.178701996803283691e-01,5.267583131790161133e-01,-3.674256801605224609e-02,-1.448875367641448975e-01,-2.000000000000000000e+00,-2.000000000000000000e+00
2.000000000000000000e+00,5.899568796157836914e-01,-2.298210263252258301e-01,-5.706858038902282715e-01,4.885928928852081299e-01,7.548710703849792480e-01,6.232845783233642578e-02,-2.000000000000000000e+00,-1.820236086845397949e+00,-2.000000000000000000e+00,7.262356877326965332e-01,-2.000000000000000000e+00,1.411567568778991699e+00,-1.726746082305908203e+00,1.712708473205566406e+00,1.866461038589477539e-01,-2.578813433647155762e-01,-5.953298211097717285e-01,-2.000000000000000000e+00,-2.000000000000000000e+00
2.000000000000000000e+00,8.685485124588012695e-01,-8.748998045921325684e-01,-8.439775705337524414e-01,-3.875208795070648193e-01,1.346077561378479004e+00,3.444446921348571777e-01,-2.000000000000000000e+00,-2.000000000000000000e+00,-2.000000000000000000e+00,1.004391312599182129e+00,-2.000000000000000000e+00,1.358973503112792969e+00,-1.763180851936340332e+00,2.000000000000000000e+00,4.744220972061157227e-01,3.889031410217285156e-01,-1.038727998733520508e+00,-1.809113144874572754e+00,-2.000000000000000000e+00
2.000000000000000000e+00,2.000000000000000000e+00,-3.493131995201110840e-01,-1.081131696701049805e+00,-1.397930681705474854e-01,1.876399278640747070e+00,6.938043236732482910e-01,-2.000000000000000000e+00,-2.000000000000000000e+00,-2.000000000000000000e+00,1.310546159744262695e+00,-2.000000000000000000e+00,1.176692247390747070e+00,-1.571636080741882324e+00,2.000000000000000000e+00,1.845070719718933105e-01,1.274676322937011719e-01,-1.132040977478027344e+00,-1.813601255416870117e+00,-2.000000000000000000e+00
2.000000000000000000e+00,2.000000000000000000e+00,-1.011305570602416992e+00,-1.269601106643676758e+00,-8.386654853820800781e-01,2.000000000000000000e+00,1.235391259193420410e+00,-2.000000000000000000e+00,-2.000000000000000000e+00,-2.000000000000000000e+00,1.575867891311645508e+00,-2.000000000000000000e+00,1.157850742340087891e+00,-1.628698945045471191e+00,2.000000000000000000e+00,4.750644862651824951e-01,3.374945819377899170e-01,-1.569784283638000488e+00,-1.618569970130920410e+00,-2.000000000000000000e+00
2.000000000000000000e+00,2.000000000000000000e+00,-7.670305371284484863e-01,-1.458732008934020996e+00,-1.174458503723144531e+00,2.000000000000000000e+00,2.000000000000000000e+00,-2.000000000000000000e+00,-2.000000000000000000e+00,-2.000000000000000000e+00,1.880952239036560059e+00,-2.000000000000000000e+00,9.566848278045654297e-01,-1.321685671806335449e+00,2.000000000000000000e+00,4.592467248439788818e-01,-2.217251956462860107e-01,-1.532831668853759766e+00,-1.742489695549011230e+00,-2.000000000000000000e+00
2.000000000000000000e+00,2.000000000000000000e+00,-1.451233148574829102e+00,-1.581465125083923340e+00,-1.143836140632629395e+00,2.000000000000000000e+00,2.000000000000000000e+00,-2.000000000000000000e+00,-2.000000000000000000e+00,-2.000000000000000000e+00,2.000000000000000000e+00,-2.000000000000000000e+00,9.017401933670043945e-01,-1.373114705085754395e+00,2.000000000000000000e+00,2.981576621532440186e-01,-8.106132745742797852e-01,-1.960886240005493164e+00,-1.782686948776245117e+00,-2.000000000000000000e+00
2.000000000000000000e+00,2.000000000000000000e+00,-1.991489648818969727e+00,-1.740891814231872559e+00,-1.917680144309997559e+00,2.000000000000000000e+00,2.000000000000000000e+00,-2.000000000000000000e+00,-2.000000000000000000e+00,-2.000000000000000000e+00,2.000000000000000000e+00,-2.000000000000000000e+00,8.491448760032653809e-01,-1.413544058799743652e+00,2.000000000000000000e+00,5.940265059471130371e-01,-3.365021347999572754e-01,-2.000000000000000000e+00,-1.630810618400573730e+00,-2.000000000000000000e+00
2.000000000000000000e+00,2.000000000000000000e+00,-1.927726030349731445e+00,-1.893898487091064453e+00,-2.000000000000000000e+00,2.000000000000000000e+00,2.000000000000000000e+00,-2.000000000000000000e+00,-2.000000000000000000e+00,-2.000000000000000000e+00,2.000000000000000000e+00,-2.000000000000000000e+00,6.986943483352661133e-01,-1.191560745239257812e+00,2.000000000000000000e+00,5.623057484626770020e-01,-6.820752620697021484e-01,-2.000000000000000000e+00,-1.721078276634216309e+00,-2.000000000000000000e+00
2.000000000000000000e+00,2.000000000000000000e+00,-2.000000000000000000e+00,-2.000000000000000000e+00,-1.943912029266357422e+00,2.000000000000000000e+00,2.000000000000000000e+00,-2.000000000000000000e+00,-2.000000000000000000e+00,-2.000000000000000000e+00,2.000000000000000000e+00,-1.945176243782043457e+00,6.425432562828063965e-01,-1.236341953277587891e+00,2.000000000000000000e+00,4.329643249511718750e-01,-1.083245515823364258e+00,-2.000000000000000000e+00,-1.751534581184387207e+00,-2.000000000000000000e+00
2.000000000000000000e+00,2.000000000000000000e+00,-2.000000000000000000e+00,-2.000000000000000000e+00,-2.000000000000000000e+00,2.000000000000000000e+00,2.000000000000000000e+00,-2.000000000000000000e+00,-2.000000000000000000e+00,-2.000000000000000000e+00,2.000000000000000000e+00,-1.941565394401550293e+00,5.958670377731323242e-01,-1.267551422119140625e+00,2.000000000000000000e+00,5.499028563499450684e-01,-7.770791053771972656e-01,-2.000000000000000000e+00,-1.660883188247680664e+00,-1.957375168800354004e+00
1.997682929039001465e+00,2.000000000000000000e+00,-1.974832773208618164e+00,-2.000000000000000000e+00,-2.000000000000000000e+00,2.000000000000000000e+00,2.000000000000000000e+00,-2.000000000000000000e+00,-2.000000000000000000e+00,-1.876449346542358398e+00,2.000000000000000000e+00,-1.931819558143615723e+00,5.629553794860839844e-01,-1.257158160209655762e+00,2.000000000000000000e+00,5.480036735534667969e-01,-6.777608394622802734e-01,-2.000000000000000000e+00,-1.634358406066894531e+00,-1.945478439331054688e+00
2.000000000000000000e+00,1.814423680305480957e+00,-1.931369185447692871e+00,-1.978632450103759766e+00,-1.935006976127624512e+00,1.923303723335266113e+00,1.930114865303039551e+00,-2.000000000000000000e+00,-1.887095808982849121e+00,-1.893405556678771973e+00,1.955332994461059570e+00,-1.956202626228332520e+00,5.906568169593811035e-01,-1.250671625137329102e+00,1.893023133277893066e+00,6.111673116683959961e-01,-7.762265801429748535e-01,-1.968558192253112793e+00,-1.657865285873413086e+00,-1.958682894706726074e+00
2.000000000000000000e+00,1.565374374389648438e+00,-1.662438154220581055e+00,-1.806564569473266602e+00,-1.621279478073120117e+00,1.686442375183105469e+00,1.835501074790954590e+00,-2.000000000000000000e+00,-1.666658639907836914e+00,-2.000000000000000000e+00,1.788126111030578613e+00,-2.000000000000000000e+00,6.234723925590515137e-01,-1.269728183746337891e+00,1.589012145996093750e+00,6.925863623619079590e-01,-1.054374575614929199e+00,-1.739612579345703125e+00,-1.754668235778808594e+00,-2.000000000000000000e+00
2.000000000000000000e+00,5.754380226135253906e-01,-1.245860695838928223e+00,-1.424371123313903809e+00,-2.000000000000000000e+00,1.241432189941406250e+00,1.296596050262451172e+00,-2.000000000000000000e+00,-1.066632986068725586e+00,-1.220924019813537598e+00,1.480110049247741699e+00,-2.000000000000000000e+00,8.651925325393676758e-01,-1.534223318099975586e+00,1.004313588142395020e+00,9.022345542907714844e-01,-5.624138712882995605e-01,-1.671146750450134277e+00,-1.633751034736633301e+00,-2.000000000000000000e+00
2.000000000000000000e+00,-4.862520694732666016e-01,-6.182302832603454590e-01,-9.661809802055358887e-01,-2.000000000000000000e+00,7.166299223899841309e-01,1.882174491882324219e+00,-2.000000000000000000e+00,-4.019469618797302246e-01,-7.512178421020507812e-01,1.176277160644531250e+00,-2.000000000000000000e+00,1.075129747390747070e+00,-1.301345467567443848e+00,4.663430452346801758e-01,1.153652191162109375e+00,-1.555207073688507080e-01,-1.213076591491699219e+00,-1.587958455085754395e+00,-2.000000000000000000e+00
